,day,startDate,stopDate,dayPath,cand,candPath,model,fitPath,json,fitBool,sampling_time,sampler,log_evidence,log_evidence_err,log_noise_evidence,log_bayes_factor,startDay,stopDay
3,2459778-2459785,,,./candidate_data/pipelineStructureExample/candidates/partnership/2459778-2459785/,ZTF22aatuvld,./candidate_data/pipelineStructureExample/candidates/partnership/2459778-2459785/lc_ZTF22aatuvld_forced1_stacked0.csv,Bu2019lm,./candidate_data/pipelineStructureExample/candidate_fits/2459778-2459785/ZTF22aatuvld/,,False,,,,,,,2022-07-17 12:00:00,2022-07-24 12:00:00
2,2459778-2459785,,,./candidate_data/pipelineStructureExample/candidates/partnership/2459778-2459785/,ZTF22aatuvld,./candidate_data/pipelineStructureExample/candidates/partnership/2459778-2459785/lc_ZTF22aatuvld_forced1_stacked0.csv,Piro2021,./candidate_data/pipelineStructureExample/candidate_fits/2459778-2459785/ZTF22aatuvld/,,False,,,,,,,2022-07-17 12:00:00,2022-07-24 12:00:00
0,2459778-2459785,,,./candidate_data/pipelineStructureExample/candidates/partnership/2459778-2459785/,ZTF22aatuvld,./candidate_data/pipelineStructureExample/candidates/partnership/2459778-2459785/lc_ZTF22aatuvld_forced1_stacked0.csv,TrPi2018,./candidate_data/pipelineStructureExample/candidate_fits/2459778-2459785/ZTF22aatuvld/,./candidate_data/pipelineStructureExample/candidate_fits/2459778-2459785/ZTF22aatuvld/TrPi2018_result.json,True,5672.939073,pymultinest,-23.829066262440275,0.2637369385360064,0.0,-23.829066262440275,2022-07-17 12:00:00,2022-07-24 12:00:00
1,2459778-2459785,,,./candidate_data/pipelineStructureExample/candidates/partnership/2459778-2459785/,ZTF22aatuvld,./candidate_data/pipelineStructureExample/candidates/partnership/2459778-2459785/lc_ZTF22aatuvld_forced1_stacked0.csv,nugent-hyper,./candidate_data/pipelineStructureExample/candidate_fits/2459778-2459785/ZTF22aatuvld/,./candidate_data/pipelineStructureExample/candidate_fits/2459778-2459785/ZTF22aatuvld/nugent-hyper_result.json,True,47.081984,pymultinest,-17.231945325437042,0.0828695552494185,0.0,-17.231945325437042,2022-07-17 12:00:00,2022-07-24 12:00:00
7,2459778-2459785,,,./candidate_data/pipelineStructureExample/candidates/partnership/2459778-2459785/,ZTF22aaujrib,./candidate_data/pipelineStructureExample/candidates/partnership/2459778-2459785/lc_ZTF22aaujrib_forced1_stacked0.csv,Bu2019lm,./candidate_data/pipelineStructureExample/candidate_fits/2459778-2459785/ZTF22aaujrib/,,False,,,,,,,2022-07-17 12:00:00,2022-07-24 12:00:00
6,2459778-2459785,,,./candidate_data/pipelineStructureExample/candidates/partnership/2459778-2459785/,ZTF22aaujrib,./candidate_data/pipelineStructureExample/candidates/partnership/2459778-2459785/lc_ZTF22aaujrib_forced1_stacked0.csv,Piro2021,./candidate_data/pipelineStructureExample/candidate_fits/2459778-2459785/ZTF22aaujrib/,,False,,,,,,,2022-07-17 12:00:00,2022-07-24 12:00:00
4,2459778-2459785,,,./candidate_data/pipelineStructureExample/candidates/partnership/2459778-2459785/,ZTF22aaujrib,./candidate_data/pipelineStructureExample/candidates/partnership/2459778-2459785/lc_ZTF22aaujrib_forced1_stacked0.csv,TrPi2018,./candidate_data/pipelineStructureExample/candidate_fits/2459778-2459785/ZTF22aaujrib/,./candidate_data/pipelineStructureExample/candidate_fits/2459778-2459785/ZTF22aaujrib/TrPi2018_result.json,True,3291.725043,pymultinest,-11.663788341217336,0.225062627424293,0.0,-11.663788341217336,2022-07-17 12:00:00,2022-07-24 12:00:00
5,2459778-2459785,,,./candidate_data/pipelineStructureExample/candidates/partnership/2459778-2459785/,ZTF22aaujrib,./candidate_data/pipelineStructureExample/candidates/partnership/2459778-2459785/lc_ZTF22aaujrib_forced1_stacked0.csv,nugent-hyper,./candidate_data/pipelineStructureExample/candidate_fits/2459778-2459785/ZTF22aaujrib/,./candidate_data/pipelineStructureExample/candidate_fits/2459778-2459785/ZTF22aaujrib/nugent-hyper_result.json,True,25.737461,pymultinest,-6.525253715032008,0.06529946979364834,0.0,-6.525253715032008,2022-07-17 12:00:00,2022-07-24 12:00:00
11,2459779-2459786,,,./candidate_data/pipelineStructureExample/candidates/partnership/2459779-2459786/,ZTF22aatuvld,./candidate_data/pipelineStructureExample/candidates/partnership/2459779-2459786/lc_ZTF22aatuvld_forced1_stacked0.csv,Bu2019lm,./candidate_data/pipelineStructureExample/candidate_fits/2459779-2459786/ZTF22aatuvld/,,False,,,,,,,2022-07-18 12:00:00,2022-07-25 12:00:00
10,2459779-2459786,,,./candidate_data/pipelineStructureExample/candidates/partnership/2459779-2459786/,ZTF22aatuvld,./candidate_data/pipelineStructureExample/candidates/partnership/2459779-2459786/lc_ZTF22aatuvld_forced1_stacked0.csv,Piro2021,./candidate_data/pipelineStructureExample/candidate_fits/2459779-2459786/ZTF22aatuvld/,,False,,,,,,,2022-07-18 12:00:00,2022-07-25 12:00:00
8,2459779-2459786,,,./candidate_data/pipelineStructureExample/candidates/partnership/2459779-2459786/,ZTF22aatuvld,./candidate_data/pipelineStructureExample/candidates/partnership/2459779-2459786/lc_ZTF22aatuvld_forced1_stacked0.csv,TrPi2018,./candidate_data/pipelineStructureExample/candidate_fits/2459779-2459786/ZTF22aatuvld/,./candidate_data/pipelineStructureExample/candidate_fits/2459779-2459786/ZTF22aatuvld/TrPi2018_result.json,True,4343.845227,pymultinest,-23.767424351567968,0.25783085168236963,0.0,-23.767424351567968,2022-07-18 12:00:00,2022-07-25 12:00:00
9,2459779-2459786,,,./candidate_data/pipelineStructureExample/candidates/partnership/2459779-2459786/,ZTF22aatuvld,./candidate_data/pipelineStructureExample/candidates/partnership/2459779-2459786/lc_ZTF22aatuvld_forced1_stacked0.csv,nugent-hyper,./candidate_data/pipelineStructureExample/candidate_fits/2459779-2459786/ZTF22aatuvld/,./candidate_data/pipelineStructureExample/candidate_fits/2459779-2459786/ZTF22aatuvld/nugent-hyper_result.json,True,,,,,,,2022-07-18 12:00:00,2022-07-25 12:00:00
15,2459779-2459786,,,./candidate_data/pipelineStructureExample/candidates/partnership/2459779-2459786/,ZTF22aaujrib,./candidate_data/pipelineStructureExample/candidates/partnership/2459779-2459786/lc_ZTF22aaujrib_forced1_stacked0.csv,Bu2019lm,./candidate_data/pipelineStructureExample/candidate_fits/2459779-2459786/ZTF22aaujrib/,,False,,,,,,,2022-07-18 12:00:00,2022-07-25 12:00:00
14,2459779-2459786,,,./candidate_data/pipelineStructureExample/candidates/partnership/2459779-2459786/,ZTF22aaujrib,./candidate_data/pipelineStructureExample/candidates/partnership/2459779-2459786/lc_ZTF22aaujrib_forced1_stacked0.csv,Piro2021,./candidate_data/pipelineStructureExample/candidate_fits/2459779-2459786/ZTF22aaujrib/,,False,,,,,,,2022-07-18 12:00:00,2022-07-25 12:00:00
12,2459779-2459786,,,./candidate_data/pipelineStructureExample/candidates/partnership/2459779-2459786/,ZTF22aaujrib,./candidate_data/pipelineStructureExample/candidates/partnership/2459779-2459786/lc_ZTF22aaujrib_forced1_stacked0.csv,TrPi2018,./candidate_data/pipelineStructureExample/candidate_fits/2459779-2459786/ZTF22aaujrib/,./candidate_data/pipelineStructureExample/candidate_fits/2459779-2459786/ZTF22aaujrib/TrPi2018_result.json,True,2908.477845,pymultinest,-11.924299461870826,0.22696671861390671,0.0,-11.924299461870826,2022-07-18 12:00:00,2022-07-25 12:00:00
13,2459779-2459786,,,./candidate_data/pipelineStructureExample/candidates/partnership/2459779-2459786/,ZTF22aaujrib,./candidate_data/pipelineStructureExample/candidates/partnership/2459779-2459786/lc_ZTF22aaujrib_forced1_stacked0.csv,nugent-hyper,./candidate_data/pipelineStructureExample/candidate_fits/2459779-2459786/ZTF22aaujrib/,./candidate_data/pipelineStructureExample/candidate_fits/2459779-2459786/ZTF22aaujrib/nugent-hyper_result.json,True,23.127779,pymultinest,-6.525253715032008,0.06529946979364834,0.0,-6.525253715032008,2022-07-18 12:00:00,2022-07-25 12:00:00
19,2459780-2459787,,,./candidate_data/pipelineStructureExample/candidates/partnership/2459780-2459787/,ZTF22aatuvld,./candidate_data/pipelineStructureExample/candidates/partnership/2459780-2459787/lc_ZTF22aatuvld_forced1_stacked0.csv,Bu2019lm,./candidate_data/pipelineStructureExample/candidate_fits/2459780-2459787/ZTF22aatuvld/,,False,,,,,,,2022-07-19 12:00:00,2022-07-26 12:00:00
18,2459780-2459787,,,./candidate_data/pipelineStructureExample/candidates/partnership/2459780-2459787/,ZTF22aatuvld,./candidate_data/pipelineStructureExample/candidates/partnership/2459780-2459787/lc_ZTF22aatuvld_forced1_stacked0.csv,Piro2021,./candidate_data/pipelineStructureExample/candidate_fits/2459780-2459787/ZTF22aatuvld/,,False,,,,,,,2022-07-19 12:00:00,2022-07-26 12:00:00
16,2459780-2459787,,,./candidate_data/pipelineStructureExample/candidates/partnership/2459780-2459787/,ZTF22aatuvld,./candidate_data/pipelineStructureExample/candidates/partnership/2459780-2459787/lc_ZTF22aatuvld_forced1_stacked0.csv,TrPi2018,./candidate_data/pipelineStructureExample/candidate_fits/2459780-2459787/ZTF22aatuvld/,./candidate_data/pipelineStructureExample/candidate_fits/2459780-2459787/ZTF22aatuvld/TrPi2018_result.json,True,,,,,,,2022-07-19 12:00:00,2022-07-26 12:00:00
17,2459780-2459787,,,./candidate_data/pipelineStructureExample/candidates/partnership/2459780-2459787/,ZTF22aatuvld,./candidate_data/pipelineStructureExample/candidates/partnership/2459780-2459787/lc_ZTF22aatuvld_forced1_stacked0.csv,nugent-hyper,./candidate_data/pipelineStructureExample/candidate_fits/2459780-2459787/ZTF22aatuvld/,./candidate_data/pipelineStructureExample/candidate_fits/2459780-2459787/ZTF22aatuvld/nugent-hyper_result.json,True,51.215089,pymultinest,-17.231945325437042,0.0828695552494185,0.0,-17.231945325437042,2022-07-19 12:00:00,2022-07-26 12:00:00
23,2459781-2459788,,,./candidate_data/pipelineStructureExample/candidates/partnership/2459781-2459788/,ZTF22aatuvld,./candidate_data/pipelineStructureExample/candidates/partnership/2459781-2459788/lc_ZTF22aatuvld_forced1_stacked0.csv,Bu2019lm,./candidate_data/pipelineStructureExample/candidate_fits/2459781-2459788/ZTF22aatuvld/,,False,,,,,,,2022-07-20 12:00:00,2022-07-27 12:00:00
22,2459781-2459788,,,./candidate_data/pipelineStructureExample/candidates/partnership/2459781-2459788/,ZTF22aatuvld,./candidate_data/pipelineStructureExample/candidates/partnership/2459781-2459788/lc_ZTF22aatuvld_forced1_stacked0.csv,Piro2021,./candidate_data/pipelineStructureExample/candidate_fits/2459781-2459788/ZTF22aatuvld/,,False,,,,,,,2022-07-20 12:00:00,2022-07-27 12:00:00
20,2459781-2459788,,,./candidate_data/pipelineStructureExample/candidates/partnership/2459781-2459788/,ZTF22aatuvld,./candidate_data/pipelineStructureExample/candidates/partnership/2459781-2459788/lc_ZTF22aatuvld_forced1_stacked0.csv,TrPi2018,./candidate_data/pipelineStructureExample/candidate_fits/2459781-2459788/ZTF22aatuvld/,./candidate_data/pipelineStructureExample/candidate_fits/2459781-2459788/ZTF22aatuvld/TrPi2018_result.json,True,6636.623502,pymultinest,-23.767424351567968,0.25783085168236963,0.0,-23.767424351567968,2022-07-20 12:00:00,2022-07-27 12:00:00
21,2459781-2459788,,,./candidate_data/pipelineStructureExample/candidates/partnership/2459781-2459788/,ZTF22aatuvld,./candidate_data/pipelineStructureExample/candidates/partnership/2459781-2459788/lc_ZTF22aatuvld_forced1_stacked0.csv,nugent-hyper,./candidate_data/pipelineStructureExample/candidate_fits/2459781-2459788/ZTF22aatuvld/,./candidate_data/pipelineStructureExample/candidate_fits/2459781-2459788/ZTF22aatuvld/nugent-hyper_result.json,True,59.038308,pymultinest,-17.231945325437042,0.0828695552494185,0.0,-17.231945325437042,2022-07-20 12:00:00,2022-07-27 12:00:00
27,2459781-2459788,,,./candidate_data/pipelineStructureExample/candidates/partnership/2459781-2459788/,ZTF22aauqgqd,./candidate_data/pipelineStructureExample/candidates/partnership/2459781-2459788/lc_ZTF22aauqgqd_forced1_stacked0.csv,Bu2019lm,./candidate_data/pipelineStructureExample/candidate_fits/2459781-2459788/ZTF22aauqgqd/,,False,,,,,,,2022-07-20 12:00:00,2022-07-27 12:00:00
26,2459781-2459788,,,./candidate_data/pipelineStructureExample/candidates/partnership/2459781-2459788/,ZTF22aauqgqd,./candidate_data/pipelineStructureExample/candidates/partnership/2459781-2459788/lc_ZTF22aauqgqd_forced1_stacked0.csv,Piro2021,./candidate_data/pipelineStructureExample/candidate_fits/2459781-2459788/ZTF22aauqgqd/,,False,,,,,,,2022-07-20 12:00:00,2022-07-27 12:00:00
24,2459781-2459788,,,./candidate_data/pipelineStructureExample/candidates/partnership/2459781-2459788/,ZTF22aauqgqd,./candidate_data/pipelineStructureExample/candidates/partnership/2459781-2459788/lc_ZTF22aauqgqd_forced1_stacked0.csv,TrPi2018,./candidate_data/pipelineStructureExample/candidate_fits/2459781-2459788/ZTF22aauqgqd/,./candidate_data/pipelineStructureExample/candidate_fits/2459781-2459788/ZTF22aauqgqd/TrPi2018_result.json,True,2744.253305,pymultinest,-15.812313756934058,0.23228015909822805,0.0,-15.812313756934058,2022-07-20 12:00:00,2022-07-27 12:00:00
25,2459781-2459788,,,./candidate_data/pipelineStructureExample/candidates/partnership/2459781-2459788/,ZTF22aauqgqd,./candidate_data/pipelineStructureExample/candidates/partnership/2459781-2459788/lc_ZTF22aauqgqd_forced1_stacked0.csv,nugent-hyper,./candidate_data/pipelineStructureExample/candidate_fits/2459781-2459788/ZTF22aauqgqd/,./candidate_data/pipelineStructureExample/candidate_fits/2459781-2459788/ZTF22aauqgqd/nugent-hyper_result.json,True,33.184166,pymultinest,-10.970607868740966,0.07474795033031076,0.0,-10.970607868740966,2022-07-20 12:00:00,2022-07-27 12:00:00
31,2459782-2459789,,,./candidate_data/pipelineStructureExample/candidates/partnership/2459782-2459789/,ZTF22aatuvld,./candidate_data/pipelineStructureExample/candidates/partnership/2459782-2459789/lc_ZTF22aatuvld_forced1_stacked0.csv,Bu2019lm,./candidate_data/pipelineStructureExample/candidate_fits/2459782-2459789/ZTF22aatuvld/,,False,,,,,,,2022-07-21 12:00:00,2022-07-28 12:00:00
30,2459782-2459789,,,./candidate_data/pipelineStructureExample/candidates/partnership/2459782-2459789/,ZTF22aatuvld,./candidate_data/pipelineStructureExample/candidates/partnership/2459782-2459789/lc_ZTF22aatuvld_forced1_stacked0.csv,Piro2021,./candidate_data/pipelineStructureExample/candidate_fits/2459782-2459789/ZTF22aatuvld/,,False,,,,,,,2022-07-21 12:00:00,2022-07-28 12:00:00
28,2459782-2459789,,,./candidate_data/pipelineStructureExample/candidates/partnership/2459782-2459789/,ZTF22aatuvld,./candidate_data/pipelineStructureExample/candidates/partnership/2459782-2459789/lc_ZTF22aatuvld_forced1_stacked0.csv,TrPi2018,./candidate_data/pipelineStructureExample/candidate_fits/2459782-2459789/ZTF22aatuvld/,./candidate_data/pipelineStructureExample/candidate_fits/2459782-2459789/ZTF22aatuvld/TrPi2018_result.json,True,4209.77553,pymultinest,-23.347424347692304,0.2559223949819126,0.0,-23.347424347692304,2022-07-21 12:00:00,2022-07-28 12:00:00
29,2459782-2459789,,,./candidate_data/pipelineStructureExample/candidates/partnership/2459782-2459789/,ZTF22aatuvld,./candidate_data/pipelineStructureExample/candidates/partnership/2459782-2459789/lc_ZTF22aatuvld_forced1_stacked0.csv,nugent-hyper,./candidate_data/pipelineStructureExample/candidate_fits/2459782-2459789/ZTF22aatuvld/,./candidate_data/pipelineStructureExample/candidate_fits/2459782-2459789/ZTF22aatuvld/nugent-hyper_result.json,True,31.765106,pymultinest,-17.231945325437042,0.0828695552494185,0.0,-17.231945325437042,2022-07-21 12:00:00,2022-07-28 12:00:00
35,2459782-2459789,,,./candidate_data/pipelineStructureExample/candidates/partnership/2459782-2459789/,ZTF22aauqgqd,./candidate_data/pipelineStructureExample/candidates/partnership/2459782-2459789/lc_ZTF22aauqgqd_forced1_stacked0.csv,Bu2019lm,./candidate_data/pipelineStructureExample/candidate_fits/2459782-2459789/ZTF22aauqgqd/,,False,,,,,,,2022-07-21 12:00:00,2022-07-28 12:00:00
34,2459782-2459789,,,./candidate_data/pipelineStructureExample/candidates/partnership/2459782-2459789/,ZTF22aauqgqd,./candidate_data/pipelineStructureExample/candidates/partnership/2459782-2459789/lc_ZTF22aauqgqd_forced1_stacked0.csv,Piro2021,./candidate_data/pipelineStructureExample/candidate_fits/2459782-2459789/ZTF22aauqgqd/,,False,,,,,,,2022-07-21 12:00:00,2022-07-28 12:00:00
32,2459782-2459789,,,./candidate_data/pipelineStructureExample/candidates/partnership/2459782-2459789/,ZTF22aauqgqd,./candidate_data/pipelineStructureExample/candidates/partnership/2459782-2459789/lc_ZTF22aauqgqd_forced1_stacked0.csv,TrPi2018,./candidate_data/pipelineStructureExample/candidate_fits/2459782-2459789/ZTF22aauqgqd/,./candidate_data/pipelineStructureExample/candidate_fits/2459782-2459789/ZTF22aauqgqd/TrPi2018_result.json,True,2101.322987,pymultinest,-15.812313756934058,0.23228015909822805,0.0,-15.812313756934058,2022-07-21 12:00:00,2022-07-28 12:00:00
33,2459782-2459789,,,./candidate_data/pipelineStructureExample/candidates/partnership/2459782-2459789/,ZTF22aauqgqd,./candidate_data/pipelineStructureExample/candidates/partnership/2459782-2459789/lc_ZTF22aauqgqd_forced1_stacked0.csv,nugent-hyper,./candidate_data/pipelineStructureExample/candidate_fits/2459782-2459789/ZTF22aauqgqd/,./candidate_data/pipelineStructureExample/candidate_fits/2459782-2459789/ZTF22aauqgqd/nugent-hyper_result.json,True,30.959652,pymultinest,-10.970607868740966,0.07474795033031076,0.0,-10.970607868740966,2022-07-21 12:00:00,2022-07-28 12:00:00
39,2459782-2459789,,,./candidate_data/pipelineStructureExample/candidates/partnership/2459782-2459789/,ZTF22aawacjw,./candidate_data/pipelineStructureExample/candidates/partnership/2459782-2459789/lc_ZTF22aawacjw_forced1_stacked0.csv,Bu2019lm,./candidate_data/pipelineStructureExample/candidate_fits/2459782-2459789/ZTF22aawacjw/,,False,,,,,,,2022-07-21 12:00:00,2022-07-28 12:00:00
38,2459782-2459789,,,./candidate_data/pipelineStructureExample/candidates/partnership/2459782-2459789/,ZTF22aawacjw,./candidate_data/pipelineStructureExample/candidates/partnership/2459782-2459789/lc_ZTF22aawacjw_forced1_stacked0.csv,Piro2021,./candidate_data/pipelineStructureExample/candidate_fits/2459782-2459789/ZTF22aawacjw/,,False,,,,,,,2022-07-21 12:00:00,2022-07-28 12:00:00
36,2459782-2459789,,,./candidate_data/pipelineStructureExample/candidates/partnership/2459782-2459789/,ZTF22aawacjw,./candidate_data/pipelineStructureExample/candidates/partnership/2459782-2459789/lc_ZTF22aawacjw_forced1_stacked0.csv,TrPi2018,./candidate_data/pipelineStructureExample/candidate_fits/2459782-2459789/ZTF22aawacjw/,./candidate_data/pipelineStructureExample/candidate_fits/2459782-2459789/ZTF22aawacjw/TrPi2018_result.json,True,5936.867402,pymultinest,-33.156170938132625,0.24598125236998353,0.0,-33.156170938132625,2022-07-21 12:00:00,2022-07-28 12:00:00
37,2459782-2459789,,,./candidate_data/pipelineStructureExample/candidates/partnership/2459782-2459789/,ZTF22aawacjw,./candidate_data/pipelineStructureExample/candidates/partnership/2459782-2459789/lc_ZTF22aawacjw_forced1_stacked0.csv,nugent-hyper,./candidate_data/pipelineStructureExample/candidate_fits/2459782-2459789/ZTF22aawacjw/,./candidate_data/pipelineStructureExample/candidate_fits/2459782-2459789/ZTF22aawacjw/nugent-hyper_result.json,True,42.169446,pymultinest,-41.10413448758316,0.10200615822495304,0.0,-41.10413448758316,2022-07-21 12:00:00,2022-07-28 12:00:00
43,2459783-2459790,,,./candidate_data/pipelineStructureExample/candidates/partnership/2459783-2459790/,ZTF22aatuvld,./candidate_data/pipelineStructureExample/candidates/partnership/2459783-2459790/lc_ZTF22aatuvld_forced1_stacked0.csv,Bu2019lm,./candidate_data/pipelineStructureExample/candidate_fits/2459783-2459790/ZTF22aatuvld/,,False,,,,,,,2022-07-22 12:00:00,2022-07-29 12:00:00
42,2459783-2459790,,,./candidate_data/pipelineStructureExample/candidates/partnership/2459783-2459790/,ZTF22aatuvld,./candidate_data/pipelineStructureExample/candidates/partnership/2459783-2459790/lc_ZTF22aatuvld_forced1_stacked0.csv,Piro2021,./candidate_data/pipelineStructureExample/candidate_fits/2459783-2459790/ZTF22aatuvld/,,False,,,,,,,2022-07-22 12:00:00,2022-07-29 12:00:00
40,2459783-2459790,,,./candidate_data/pipelineStructureExample/candidates/partnership/2459783-2459790/,ZTF22aatuvld,./candidate_data/pipelineStructureExample/candidates/partnership/2459783-2459790/lc_ZTF22aatuvld_forced1_stacked0.csv,TrPi2018,./candidate_data/pipelineStructureExample/candidate_fits/2459783-2459790/ZTF22aatuvld/,./candidate_data/pipelineStructureExample/candidate_fits/2459783-2459790/ZTF22aatuvld/TrPi2018_result.json,True,5621.565859,pymultinest,-23.767424351567968,0.25783085168236963,0.0,-23.767424351567968,2022-07-22 12:00:00,2022-07-29 12:00:00
41,2459783-2459790,,,./candidate_data/pipelineStructureExample/candidates/partnership/2459783-2459790/,ZTF22aatuvld,./candidate_data/pipelineStructureExample/candidates/partnership/2459783-2459790/lc_ZTF22aatuvld_forced1_stacked0.csv,nugent-hyper,./candidate_data/pipelineStructureExample/candidate_fits/2459783-2459790/ZTF22aatuvld/,./candidate_data/pipelineStructureExample/candidate_fits/2459783-2459790/ZTF22aatuvld/nugent-hyper_result.json,True,36.751112,pymultinest,-17.231945325437042,0.0828695552494185,0.0,-17.231945325437042,2022-07-22 12:00:00,2022-07-29 12:00:00
47,2459783-2459790,,,./candidate_data/pipelineStructureExample/candidates/partnership/2459783-2459790/,ZTF22aauqgqd,./candidate_data/pipelineStructureExample/candidates/partnership/2459783-2459790/lc_ZTF22aauqgqd_forced1_stacked0.csv,Bu2019lm,./candidate_data/pipelineStructureExample/candidate_fits/2459783-2459790/ZTF22aauqgqd/,,False,,,,,,,2022-07-22 12:00:00,2022-07-29 12:00:00
46,2459783-2459790,,,./candidate_data/pipelineStructureExample/candidates/partnership/2459783-2459790/,ZTF22aauqgqd,./candidate_data/pipelineStructureExample/candidates/partnership/2459783-2459790/lc_ZTF22aauqgqd_forced1_stacked0.csv,Piro2021,./candidate_data/pipelineStructureExample/candidate_fits/2459783-2459790/ZTF22aauqgqd/,,False,,,,,,,2022-07-22 12:00:00,2022-07-29 12:00:00
44,2459783-2459790,,,./candidate_data/pipelineStructureExample/candidates/partnership/2459783-2459790/,ZTF22aauqgqd,./candidate_data/pipelineStructureExample/candidates/partnership/2459783-2459790/lc_ZTF22aauqgqd_forced1_stacked0.csv,TrPi2018,./candidate_data/pipelineStructureExample/candidate_fits/2459783-2459790/ZTF22aauqgqd/,./candidate_data/pipelineStructureExample/candidate_fits/2459783-2459790/ZTF22aauqgqd/TrPi2018_result.json,True,,,,,,,2022-07-22 12:00:00,2022-07-29 12:00:00
45,2459783-2459790,,,./candidate_data/pipelineStructureExample/candidates/partnership/2459783-2459790/,ZTF22aauqgqd,./candidate_data/pipelineStructureExample/candidates/partnership/2459783-2459790/lc_ZTF22aauqgqd_forced1_stacked0.csv,nugent-hyper,./candidate_data/pipelineStructureExample/candidate_fits/2459783-2459790/ZTF22aauqgqd/,./candidate_data/pipelineStructureExample/candidate_fits/2459783-2459790/ZTF22aauqgqd/nugent-hyper_result.json,True,33.337892,pymultinest,-10.970607868740966,0.07474795033031076,0.0,-10.970607868740966,2022-07-22 12:00:00,2022-07-29 12:00:00
51,2459783-2459790,,,./candidate_data/pipelineStructureExample/candidates/partnership/2459783-2459790/,ZTF22aawacjw,./candidate_data/pipelineStructureExample/candidates/partnership/2459783-2459790/lc_ZTF22aawacjw_forced1_stacked0.csv,Bu2019lm,./candidate_data/pipelineStructureExample/candidate_fits/2459783-2459790/ZTF22aawacjw/,,False,,,,,,,2022-07-22 12:00:00,2022-07-29 12:00:00
50,2459783-2459790,,,./candidate_data/pipelineStructureExample/candidates/partnership/2459783-2459790/,ZTF22aawacjw,./candidate_data/pipelineStructureExample/candidates/partnership/2459783-2459790/lc_ZTF22aawacjw_forced1_stacked0.csv,Piro2021,./candidate_data/pipelineStructureExample/candidate_fits/2459783-2459790/ZTF22aawacjw/,,False,,,,,,,2022-07-22 12:00:00,2022-07-29 12:00:00
48,2459783-2459790,,,./candidate_data/pipelineStructureExample/candidates/partnership/2459783-2459790/,ZTF22aawacjw,./candidate_data/pipelineStructureExample/candidates/partnership/2459783-2459790/lc_ZTF22aawacjw_forced1_stacked0.csv,TrPi2018,./candidate_data/pipelineStructureExample/candidate_fits/2459783-2459790/ZTF22aawacjw/,./candidate_data/pipelineStructureExample/candidate_fits/2459783-2459790/ZTF22aawacjw/TrPi2018_result.json,True,6249.645901,pymultinest,-44.895975928569214,0.2496155160785096,0.0,-44.895975928569214,2022-07-22 12:00:00,2022-07-29 12:00:00
49,2459783-2459790,,,./candidate_data/pipelineStructureExample/candidates/partnership/2459783-2459790/,ZTF22aawacjw,./candidate_data/pipelineStructureExample/candidates/partnership/2459783-2459790/lc_ZTF22aawacjw_forced1_stacked0.csv,nugent-hyper,./candidate_data/pipelineStructureExample/candidate_fits/2459783-2459790/ZTF22aawacjw/,./candidate_data/pipelineStructureExample/candidate_fits/2459783-2459790/ZTF22aawacjw/nugent-hyper_result.json,True,48.160941,pymultinest,-71.53226958633093,0.10190759637319163,0.0,-71.53226958633093,2022-07-22 12:00:00,2022-07-29 12:00:00
55,2459784-2459791,,,./candidate_data/pipelineStructureExample/candidates/partnership/2459784-2459791/,ZTF22aauqgqd,./candidate_data/pipelineStructureExample/candidates/partnership/2459784-2459791/lc_ZTF22aauqgqd_forced1_stacked0.csv,Bu2019lm,./candidate_data/pipelineStructureExample/candidate_fits/2459784-2459791/ZTF22aauqgqd/,,False,,,,,,,2022-07-23 12:00:00,2022-07-30 12:00:00
54,2459784-2459791,,,./candidate_data/pipelineStructureExample/candidates/partnership/2459784-2459791/,ZTF22aauqgqd,./candidate_data/pipelineStructureExample/candidates/partnership/2459784-2459791/lc_ZTF22aauqgqd_forced1_stacked0.csv,Piro2021,./candidate_data/pipelineStructureExample/candidate_fits/2459784-2459791/ZTF22aauqgqd/,,False,,,,,,,2022-07-23 12:00:00,2022-07-30 12:00:00
52,2459784-2459791,,,./candidate_data/pipelineStructureExample/candidates/partnership/2459784-2459791/,ZTF22aauqgqd,./candidate_data/pipelineStructureExample/candidates/partnership/2459784-2459791/lc_ZTF22aauqgqd_forced1_stacked0.csv,TrPi2018,./candidate_data/pipelineStructureExample/candidate_fits/2459784-2459791/ZTF22aauqgqd/,./candidate_data/pipelineStructureExample/candidate_fits/2459784-2459791/ZTF22aauqgqd/TrPi2018_result.json,True,2528.481672,pymultinest,-15.812313756934058,0.23228015909822805,0.0,-15.812313756934058,2022-07-23 12:00:00,2022-07-30 12:00:00
53,2459784-2459791,,,./candidate_data/pipelineStructureExample/candidates/partnership/2459784-2459791/,ZTF22aauqgqd,./candidate_data/pipelineStructureExample/candidates/partnership/2459784-2459791/lc_ZTF22aauqgqd_forced1_stacked0.csv,nugent-hyper,./candidate_data/pipelineStructureExample/candidate_fits/2459784-2459791/ZTF22aauqgqd/,./candidate_data/pipelineStructureExample/candidate_fits/2459784-2459791/ZTF22aauqgqd/nugent-hyper_result.json,True,,,,,,,2022-07-23 12:00:00,2022-07-30 12:00:00
59,2459784-2459791,,,./candidate_data/pipelineStructureExample/candidates/partnership/2459784-2459791/,ZTF22aauqyuf,./candidate_data/pipelineStructureExample/candidates/partnership/2459784-2459791/lc_ZTF22aauqyuf_forced1_stacked0.csv,Bu2019lm,./candidate_data/pipelineStructureExample/candidate_fits/2459784-2459791/ZTF22aauqyuf/,,False,,,,,,,2022-07-23 12:00:00,2022-07-30 12:00:00
58,2459784-2459791,,,./candidate_data/pipelineStructureExample/candidates/partnership/2459784-2459791/,ZTF22aauqyuf,./candidate_data/pipelineStructureExample/candidates/partnership/2459784-2459791/lc_ZTF22aauqyuf_forced1_stacked0.csv,Piro2021,./candidate_data/pipelineStructureExample/candidate_fits/2459784-2459791/ZTF22aauqyuf/,,False,,,,,,,2022-07-23 12:00:00,2022-07-30 12:00:00
56,2459784-2459791,,,./candidate_data/pipelineStructureExample/candidates/partnership/2459784-2459791/,ZTF22aauqyuf,./candidate_data/pipelineStructureExample/candidates/partnership/2459784-2459791/lc_ZTF22aauqyuf_forced1_stacked0.csv,TrPi2018,./candidate_data/pipelineStructureExample/candidate_fits/2459784-2459791/ZTF22aauqyuf/,./candidate_data/pipelineStructureExample/candidate_fits/2459784-2459791/ZTF22aauqyuf/TrPi2018_result.json,True,1590.065799,pymultinest,-5.726731371954276,0.1848643446932207,0.0,-5.726731371954276,2022-07-23 12:00:00,2022-07-30 12:00:00
57,2459784-2459791,,,./candidate_data/pipelineStructureExample/candidates/partnership/2459784-2459791/,ZTF22aauqyuf,./candidate_data/pipelineStructureExample/candidates/partnership/2459784-2459791/lc_ZTF22aauqyuf_forced1_stacked0.csv,nugent-hyper,./candidate_data/pipelineStructureExample/candidate_fits/2459784-2459791/ZTF22aauqyuf/,./candidate_data/pipelineStructureExample/candidate_fits/2459784-2459791/ZTF22aauqyuf/nugent-hyper_result.json,True,16.305862,pymultinest,-2.3699430963788797,0.0434212673085507,0.0,-2.3699430963788797,2022-07-23 12:00:00,2022-07-30 12:00:00
63,2459784-2459791,,,./candidate_data/pipelineStructureExample/candidates/partnership/2459784-2459791/,ZTF22aavxvmy,./candidate_data/pipelineStructureExample/candidates/partnership/2459784-2459791/lc_ZTF22aavxvmy_forced1_stacked0.csv,Bu2019lm,./candidate_data/pipelineStructureExample/candidate_fits/2459784-2459791/ZTF22aavxvmy/,,False,,,,,,,2022-07-23 12:00:00,2022-07-30 12:00:00
62,2459784-2459791,,,./candidate_data/pipelineStructureExample/candidates/partnership/2459784-2459791/,ZTF22aavxvmy,./candidate_data/pipelineStructureExample/candidates/partnership/2459784-2459791/lc_ZTF22aavxvmy_forced1_stacked0.csv,Piro2021,./candidate_data/pipelineStructureExample/candidate_fits/2459784-2459791/ZTF22aavxvmy/,,False,,,,,,,2022-07-23 12:00:00,2022-07-30 12:00:00
60,2459784-2459791,,,./candidate_data/pipelineStructureExample/candidates/partnership/2459784-2459791/,ZTF22aavxvmy,./candidate_data/pipelineStructureExample/candidates/partnership/2459784-2459791/lc_ZTF22aavxvmy_forced1_stacked0.csv,TrPi2018,./candidate_data/pipelineStructureExample/candidate_fits/2459784-2459791/ZTF22aavxvmy/,,False,,,,,,,2022-07-23 12:00:00,2022-07-30 12:00:00
61,2459784-2459791,,,./candidate_data/pipelineStructureExample/candidates/partnership/2459784-2459791/,ZTF22aavxvmy,./candidate_data/pipelineStructureExample/candidates/partnership/2459784-2459791/lc_ZTF22aavxvmy_forced1_stacked0.csv,nugent-hyper,./candidate_data/pipelineStructureExample/candidate_fits/2459784-2459791/ZTF22aavxvmy/,,False,,,,,,,2022-07-23 12:00:00,2022-07-30 12:00:00
67,2459784-2459791,,,./candidate_data/pipelineStructureExample/candidates/partnership/2459784-2459791/,ZTF22aawacjw,./candidate_data/pipelineStructureExample/candidates/partnership/2459784-2459791/lc_ZTF22aawacjw_forced1_stacked0.csv,Bu2019lm,./candidate_data/pipelineStructureExample/candidate_fits/2459784-2459791/ZTF22aawacjw/,,False,,,,,,,2022-07-23 12:00:00,2022-07-30 12:00:00
66,2459784-2459791,,,./candidate_data/pipelineStructureExample/candidates/partnership/2459784-2459791/,ZTF22aawacjw,./candidate_data/pipelineStructureExample/candidates/partnership/2459784-2459791/lc_ZTF22aawacjw_forced1_stacked0.csv,Piro2021,./candidate_data/pipelineStructureExample/candidate_fits/2459784-2459791/ZTF22aawacjw/,,False,,,,,,,2022-07-23 12:00:00,2022-07-30 12:00:00
64,2459784-2459791,,,./candidate_data/pipelineStructureExample/candidates/partnership/2459784-2459791/,ZTF22aawacjw,./candidate_data/pipelineStructureExample/candidates/partnership/2459784-2459791/lc_ZTF22aawacjw_forced1_stacked0.csv,TrPi2018,./candidate_data/pipelineStructureExample/candidate_fits/2459784-2459791/ZTF22aawacjw/,./candidate_data/pipelineStructureExample/candidate_fits/2459784-2459791/ZTF22aawacjw/TrPi2018_result.json,True,8625.872723,pymultinest,-45.27331538228998,0.25349423790080766,0.0,-45.27331538228998,2022-07-23 12:00:00,2022-07-30 12:00:00
65,2459784-2459791,,,./candidate_data/pipelineStructureExample/candidates/partnership/2459784-2459791/,ZTF22aawacjw,./candidate_data/pipelineStructureExample/candidates/partnership/2459784-2459791/lc_ZTF22aawacjw_forced1_stacked0.csv,nugent-hyper,./candidate_data/pipelineStructureExample/candidate_fits/2459784-2459791/ZTF22aawacjw/,./candidate_data/pipelineStructureExample/candidate_fits/2459784-2459791/ZTF22aawacjw/nugent-hyper_result.json,True,53.029788,pymultinest,-71.53226958633093,0.10190759637319163,0.0,-71.53226958633093,2022-07-23 12:00:00,2022-07-30 12:00:00
